homeTitle|Free Temp Mail & Disposable Email — HaruMail|無料の使い捨てメール・捨てメアド — HaruMail|Correo temporal gratis y desechable — HaruMail|Email temporário grátis e descartável — HaruMail|Email temporaire gratuit et jetable — HaruMail|Kostenlose Wegwerf-E-Mail & Temp Mail — HaruMail
homeDescription|Create a free temporary email address without signing up. Receive and read emails in your browser for 24 hours with HaruMail’s disposable inbox.|登録不要で無料の使い捨てメールアドレスを作成。HaruMailなら同じブラウザーで24時間メールを受信・確認できます。送信は非対応です。|Crea un correo temporal gratis y sin registro. Recibe y lee mensajes en tu navegador durante 24 horas con el buzón desechable de HaruMail.|Crie um email temporário grátis, sem cadastro. Receba e leia mensagens no navegador por 24 horas com a caixa descartável do HaruMail.|Créez une adresse email temporaire gratuite sans inscription. Recevez et lisez vos messages dans votre navigateur pendant 24 heures avec HaruMail.|Erstelle ohne Anmeldung eine kostenlose Wegwerf-E-Mail-Adresse. Empfange und lies Nachrichten mit HaruMail 24 Stunden lang im selben Browser.
homeH1|Free temporary email, ready when you need it|必要なときに使える、無料の使い捨てメール|Correo temporal gratis, cuando lo necesites|Email temporário grátis para quando precisar|Votre email temporaire gratuit, au bon moment|Kostenlose Wegwerf-E-Mail, wenn du sie brauchst
homeLead|Create an address, copy it, and read incoming mail here.|アドレスを作成してコピーし、届いたメールをここで確認できます。|Crea una dirección, cópiala y lee aquí los mensajes recibidos.|Crie um endereço, copie e leia as mensagens recebidas aqui.|Créez une adresse, copiez-la et lisez les messages reçus ici.|Erstelle eine Adresse, kopiere sie und lies eingehende Nachrichten hier.
introTitle|What is a disposable email address?|使い捨てメール・捨てメアドとは？|¿Qué es un correo temporal desechable?|O que é um email temporário descartável?|Qu’est-ce qu’une adresse email jetable ?|Was ist eine Wegwerf-E-Mail-Adresse?
introBody|A temporary email address is a short-lived inbox for receiving messages without sharing your everyday address. HaruMail creates a random address for free, with no signup. Use it for a one-time message or an email test on a service you control. It receives mail; it cannot send replies or download attachments.|使い捨てメールは、普段のアドレスを知らせずに短期間メールを受信するためのものです。HaruMailは登録不要・無料でランダムなアドレスを作成します。一度だけ必要な案内の受信や、自分が管理するサービスのメールテストに使えます。受信専用で、返信や添付ファイルのダウンロードはできません。|Un correo temporal es un buzón de corta duración para recibir mensajes sin compartir tu dirección habitual. HaruMail genera una dirección aleatoria gratis y sin registro. Úsala para recibir un mensaje puntual o probar un servicio que controles. Solo recibe correo: no permite responder ni descargar adjuntos.|Um email temporário é uma caixa de curta duração para receber mensagens sem compartilhar seu endereço principal. O HaruMail gera um endereço aleatório grátis e sem cadastro. Use para mensagens pontuais ou testes em um serviço que você controla. É somente para recebimento: não envia respostas nem baixa anexos.|Un email temporaire est une boîte de courte durée qui permet de recevoir des messages sans communiquer votre adresse habituelle. HaruMail génère une adresse aléatoire gratuitement, sans inscription. Utilisez-la pour un message ponctuel ou pour tester un service que vous gérez. La boîte reçoit les messages, mais ne permet ni réponse ni téléchargement de pièces jointes.|Eine temporäre E-Mail-Adresse ist ein kurzzeitig nutzbares Postfach, mit dem du Nachrichten empfängst, ohne deine Hauptadresse anzugeben. HaruMail erstellt kostenlos und ohne Anmeldung eine zufällige Adresse. Nutze sie für einzelne Mitteilungen oder E-Mail-Tests eigener Dienste. Du kannst Nachrichten empfangen, aber weder antworten noch Anhänge herunterladen.
limitsBody|Keep the same browser and its cookies to use your inbox for 24 hours. Creating a new address or clearing cookies removes access to the previous inbox. Use a permanent email account for banking, important accounts, and password recovery. Access expiry does not mean all stored copies are immediately deleted.|同じブラウザーとCookieを維持すると、作成から24時間利用できます。新しいアドレスの作成やCookieの削除で、以前のメールボックスへのアクセスを失います。銀行や重要なアカウント、パスワード再設定には通常のメールを使ってください。利用期限が切れても、保存されたコピーがすべて直ちに削除されるわけではありません。|Conserva el mismo navegador y sus cookies para usar el buzón durante 24 horas. Crear otra dirección o borrar las cookies elimina el acceso al buzón anterior. Usa un correo permanente para banca, cuentas importantes y recuperación de contraseñas. El fin del acceso no significa que todas las copias almacenadas se borren inmediatamente.|Mantenha o mesmo navegador e seus cookies para usar a caixa por 24 horas. Criar outro endereço ou apagar cookies remove o acesso à caixa anterior. Use um email permanente para bancos, contas importantes e recuperação de senhas. O fim do acesso não significa a exclusão imediata de todas as cópias armazenadas.|Conservez le même navigateur et ses cookies pour utiliser la boîte pendant 24 heures. Créer une autre adresse ou effacer les cookies supprime l’accès à la boîte précédente. Utilisez une adresse permanente pour la banque, les comptes importants et la récupération de mots de passe. La fin de l’accès ne signifie pas la suppression immédiate de toutes les copies.|Nutze denselben Browser und behalte seine Cookies, um das Postfach 24 Stunden zu verwenden. Eine neue Adresse oder gelöschte Cookies entziehen den Zugriff auf das bisherige Postfach. Für Bankgeschäfte, wichtige Konten und Passwortwiederherstellung brauchst du eine dauerhafte Adresse. Das Zugriffsende löscht nicht sofort alle gespeicherten Kopien.
cookieNote|This inbox works for 24 hours in the same browser. New addresses and cleared cookies remove access to the previous inbox.|このメールボックスは同じブラウザーで24時間利用できます。新しいアドレスの作成やCookieの削除で、以前のメールボックスにアクセスできなくなります。|El buzón funciona 24 horas en el mismo navegador. Cambiar de dirección o borrar cookies elimina el acceso al anterior.|A caixa funciona por 24 horas no mesmo navegador. Trocar de endereço ou apagar cookies remove o acesso à anterior.|Cette boîte fonctionne 24 heures dans le même navigateur. Changer d’adresse ou effacer les cookies supprime l’accès à la précédente.|Dieses Postfach ist 24 Stunden im selben Browser verfügbar. Eine neue Adresse oder gelöschte Cookies beenden den bisherigen Zugriff.
noScript|Enable JavaScript to create an address and receive mail. You can still read our guides without it.|アドレス作成と受信にはJavaScriptを有効にしてください。ガイドはJavaScriptなしでも読めます。|Activa JavaScript para crear una dirección y recibir correo. Las guías se pueden leer sin activarlo.|Ative o JavaScript para criar um endereço e receber emails. Os guias podem ser lidos sem ele.|Activez JavaScript pour créer une adresse et recevoir des messages. Les guides restent accessibles sans JavaScript.|Aktiviere JavaScript, um eine Adresse zu erstellen und E-Mails zu empfangen. Die Anleitungen sind auch ohne JavaScript lesbar.
footer|A free temporary inbox for the moments you need one.|必要なときに使える無料の一時メール。|Un buzón temporal gratuito para cuando lo necesitas.|Uma caixa temporária grátis para quando você precisar.|Une boîte temporaire gratuite quand vous en avez besoin.|Ein kostenloses temporäres Postfach für den passenden Moment.
guidesDescription|Learn how temporary email works, troubleshoot missing messages, and choose between disposable inboxes and email aliases.|使い捨てメールの仕組み、届かないメールの確認方法、メールエイリアスとの違いを解説します。|Aprende cómo funciona el correo temporal, qué revisar si no llega un mensaje y cuándo elegir un alias.|Entenda o email temporário, resolva problemas de recebimento e saiba quando usar um alias.|Découvrez le fonctionnement des emails temporaires, les vérifications en cas de message manquant et les différences avec un alias.|Verstehe temporäre E-Mails, prüfe fehlende Nachrichten und vergleiche Wegwerf-Postfächer mit E-Mail-Aliassen.
faqDescription|Answers about free temporary email, the 24-hour access period, verification messages, and mailbox privacy.|無料の一時メール、24時間の利用期限、認証メール、メールボックスのプライバシーに関する回答です。|Respuestas sobre correo temporal gratis, acceso de 24 horas, mensajes de verificación y privacidad.|Respostas sobre email temporário grátis, acesso por 24 horas, mensagens de verificação e privacidade.|Réponses sur l’email temporaire gratuit, l’accès de 24 heures, les messages de vérification et la confidentialité.|Antworten zu kostenlosen temporären E-Mails, 24 Stunden Zugriff, Bestätigungsnachrichten und Datenschutz.
faqFreeQ|Is HaruMail free? Do I need an account?|無料ですか？登録は必要ですか？|¿HaruMail es gratis? ¿Necesito una cuenta?|O HaruMail é grátis? Preciso de uma conta?|HaruMail est-il gratuit ? Faut-il un compte ?|Ist HaruMail kostenlos? Brauche ich ein Konto?
faqFreeA|Creating an address and reading received messages is free. No registration, payment card, or password is required.|アドレス作成と受信メールの閲覧は無料です。会員登録、カード情報、パスワードは不要です。|Crear una dirección y leer mensajes es gratis. No necesitas registro, tarjeta ni contraseña.|Criar um endereço e ler mensagens é grátis. Não é necessário cadastro, cartão ou senha.|La création d’une adresse et la lecture des messages sont gratuites. Aucun compte, carte bancaire ou mot de passe n’est demandé.|Adresse und Nachrichtenempfang sind kostenlos. Registrierung, Zahlungskarte und Passwort sind nicht erforderlich.
faqTimeQ|How long can I use the address?|アドレスはいつまで使えますか？|¿Cuánto dura la dirección?|Por quanto tempo posso usar o endereço?|Combien de temps l’adresse est-elle utilisable ?|Wie lange kann ich die Adresse nutzen?
faqTimeA|The mailbox is accessible for 24 hours after creation, while its access cookie remains in the same browser. Closing it, creating a new address, or clearing cookies removes access. The address alone cannot restore it.|作成から24時間、同じブラウザーにアクセス用Cookieがある間利用できます。閉じる、新規作成、Cookieの削除でアクセスを失います。アドレスだけでは復元できません。|El buzón es accesible 24 horas desde su creación mientras mantengas la cookie en el mismo navegador. Cerrarlo, crear otra dirección o borrar cookies elimina el acceso. La dirección por sí sola no permite recuperarlo.|A caixa fica acessível por 24 horas após a criação enquanto o cookie permanecer no mesmo navegador. Fechar, criar outro endereço ou apagar cookies remove o acesso. Só o endereço não permite recuperá-la.|La boîte est accessible 24 heures après sa création tant que le cookie reste dans le même navigateur. La fermer, changer d’adresse ou effacer les cookies supprime l’accès. L’adresse seule ne permet pas de la récupérer.|Das Postfach ist ab Erstellung 24 Stunden mit dem Zugriffscookie desselben Browsers nutzbar. Schließen, eine neue Adresse oder gelöschte Cookies beenden den Zugriff. Die Adresse allein stellt ihn nicht wieder her.
faqFakeQ|Is a “fake email” the same as temporary email?|「架空のメール」と使い捨てメールは同じですか？|¿Un «correo falso» es lo mismo que un correo temporal?|Um “email falso” é igual a um email temporário?|Un « faux email » est-il un email temporaire ?|Ist eine „Fake-E-Mail“ dasselbe wie eine temporäre E-Mail?
faqFakeA|People sometimes search for “fake email” when they want a disposable inbox. HaruMail creates a real receiving address, not an invented address that cannot receive mail. It is not a tool for impersonation or bypassing another service’s rules.|捨てメアドを探す際に「架空のメール」と呼ばれることがありますが、HaruMailが作るのは実際に受信できるアドレスです。受信できない適当な文字列ではありません。他人へのなりすましや他サービスの規則回避のためのものではありません。|A veces se busca «correo falso» para encontrar un buzón desechable. HaruMail crea una dirección que recibe mensajes de verdad, no una dirección inventada. No es una herramienta para suplantar identidades ni eludir las reglas de otros servicios.|Algumas pessoas buscam “email falso” quando querem uma caixa descartável. O HaruMail cria um endereço que realmente recebe mensagens, não um endereço inventado. Não é uma ferramenta para se passar por outra pessoa nem burlar regras de serviços.|L’expression « faux email » désigne parfois une boîte jetable dans les recherches. HaruMail crée une adresse qui reçoit réellement des messages, pas une adresse inventée. Ce n’est pas un outil d’usurpation d’identité ni de contournement des règles.|Mit „Fake-E-Mail“ ist bei der Suche manchmal ein Wegwerf-Postfach gemeint. HaruMail erstellt eine tatsächlich empfangsfähige Adresse, keine erfundene Adresse. Der Dienst dient nicht der Identitätstäuschung oder Umgehung fremder Regeln.
faqTenQ|Is this a 10 minute mail service?|10分メールのサービスですか？|¿Es un servicio de correo de 10 minutos?|É um serviço de email de 10 minutos?|Est-ce un service d’email de 10 minutes ?|Ist das ein 10-Minuten-Mail-Dienst?
faqTenA|HaruMail offers 24 hours of browser access from creation, rather than a 10-minute session. It is still temporary: it cannot replace a permanent inbox or a password recovery address.|HaruMailの利用期間は10分ではなく作成から24時間です。それでも一時的なメールなので、常用メールやパスワード復旧用アドレスの代わりにはなりません。|HaruMail ofrece 24 horas de acceso desde la creación, en lugar de 10 minutos. Sigue siendo temporal: no sustituye un buzón permanente ni una dirección de recuperación.|O HaruMail oferece 24 horas de acesso após a criação, em vez de 10 minutos. Ainda é temporário: não substitui uma caixa permanente nem um endereço de recuperação de senha.|HaruMail offre 24 heures d’accès après création, plutôt qu’une session de 10 minutes. Il reste temporaire et ne remplace ni une boîte permanente ni une adresse de récupération.|HaruMail bietet ab Erstellung 24 Stunden Browserzugriff statt 10 Minuten. Das Postfach bleibt temporär und ersetzt weder eine dauerhafte Adresse noch eine Adresse zur Passwortwiederherstellung.
faqSitesQ|Will every website accept this email?|すべてのサイトで使えますか？|¿Todos los sitios aceptan este correo?|Todos os sites aceitam este email?|Tous les sites acceptent-ils cette adresse ?|Akzeptiert jede Website diese Adresse?
faqSitesA|No. Some services block disposable domains or apply their own eligibility checks. HaruMail cannot guarantee registration, verification, or a promotion. Follow the other service’s rules.|いいえ。使い捨てドメインを拒否したり、独自の利用条件を設けたりするサービスがあります。登録・認証・特典の利用は保証できません。各サービスの規則に従ってください。|No. Algunos servicios bloquean dominios desechables o aplican condiciones propias. HaruMail no garantiza el registro, la verificación ni las promociones. Respeta las reglas del otro servicio.|Não. Alguns serviços bloqueiam domínios descartáveis ou aplicam critérios próprios. O HaruMail não garante cadastro, verificação ou promoções. Respeite as regras de cada serviço.|Non. Certains services bloquent les domaines jetables ou appliquent leurs propres critères. HaruMail ne garantit ni inscription, ni vérification, ni promotion. Respectez les règles du service concerné.|Nein. Manche Dienste sperren Wegwerf-Domains oder haben eigene Bedingungen. HaruMail garantiert weder Registrierung noch Bestätigung oder Aktionen. Beachte die Regeln des jeweiligen Dienstes.
faqSendQ|Can I send mail or download attachments?|送信や添付ファイルの保存はできますか？|¿Puedo enviar correo o descargar adjuntos?|Posso enviar emails ou baixar anexos?|Puis-je envoyer des emails ou télécharger des pièces jointes ?|Kann ich E-Mails senden oder Anhänge herunterladen?
faqSendA|This version only receives mail and displays readable text. Sending, replying, attachments, and raw HTML are not supported. Remote images and scripts in messages are not loaded.|このバージョンは受信とテキスト表示のみです。送信、返信、添付ファイル、HTML原文には対応していません。メール内の外部画像やスクリプトも読み込みません。|Esta versión solo recibe correo y muestra texto legible. No admite envío, respuestas, adjuntos ni HTML original. No carga imágenes remotas ni scripts del mensaje.|Esta versão apenas recebe emails e exibe texto legível. Não oferece envio, respostas, anexos ou HTML original. Imagens externas e scripts das mensagens não são carregados.|Cette version reçoit les messages et affiche leur texte. L’envoi, les réponses, les pièces jointes et le HTML brut ne sont pas pris en charge. Les images distantes et les scripts ne sont pas chargés.|Diese Version empfängt E-Mails und zeigt lesbaren Text an. Versand, Antworten, Anhänge und HTML-Original sind nicht verfügbar. Externe Bilder und Skripte in Nachrichten werden nicht geladen.
guidePrivacyTitle|Temporary email: how it works and what it protects|使い捨てメールの仕組みとプライバシー|Correo temporal: cómo funciona y qué protege|Email temporário: como funciona e o que protege|Email temporaire : fonctionnement et confidentialité|Temporäre E-Mail: Funktionsweise und Datenschutz
guidePrivacyDescription|Understand what a disposable inbox keeps separate from your main address, and what it does not make anonymous.|使い捨てメールで普段のアドレスを分ける仕組みと、匿名性の限界を説明します。|Descubre qué separa un buzón desechable de tu dirección principal y cuáles son sus límites de anonimato.|Entenda como uma caixa descartável separa seu endereço principal e quais são os limites do anonimato.|Comprenez ce qu’une boîte jetable sépare de votre adresse principale et les limites de son anonymat.|Erfahre, was ein Wegwerf-Postfach von deiner Hauptadresse trennt und wo die Grenzen der Anonymität liegen.
guidePrivacyBody|When someone sends mail to your generated address, the receiving infrastructure routes it to storage. The website uses your browser’s signed cookie to retrieve only the mailbox you can access. Your everyday address need not be shared with the sender, but the website and mail providers still process message and connection data. This is not end-to-end encrypted email or a guarantee of anonymity.|作成したアドレスに届いたメールは、受信基盤から保存先へ転送されます。サイトはブラウザーの署名付きCookieを使い、アクセス権のあるメールボックスを表示します。普段のアドレスを送信者に知らせずに済みますが、サイトと提供事業者はメールや接続情報を処理します。エンドツーエンド暗号化や完全な匿名性は提供しません。|El correo enviado a tu dirección pasa por la infraestructura de recepción y se almacena. La web usa una cookie firmada para mostrar solo el buzón al que tienes acceso. No necesitas compartir tu dirección habitual, pero la web y los proveedores procesan mensajes y datos de conexión. No es cifrado de extremo a extremo ni una garantía de anonimato.|As mensagens enviadas ao endereço passam pela infraestrutura de recebimento e são armazenadas. O site usa um cookie assinado para exibir apenas a caixa à qual você tem acesso. Seu endereço principal não precisa ser compartilhado, mas o site e os provedores processam mensagens e dados de conexão. Não há criptografia de ponta a ponta nem garantia de anonimato.|Les messages envoyés à votre adresse passent par l’infrastructure de réception puis le stockage. Le site utilise un cookie signé pour afficher la boîte à laquelle vous avez accès. Votre adresse habituelle n’a pas à être communiquée, mais le site et ses prestataires traitent les messages et les données de connexion. Ce n’est ni du chiffrement de bout en bout ni une garantie d’anonymat.|Nachrichten an deine erzeugte Adresse werden über die Empfangsinfrastruktur gespeichert. Die Website zeigt mithilfe eines signierten Browsercookies nur dein zugängliches Postfach. Deine Hauptadresse muss dem Absender nicht bekannt werden. Website und Anbieter verarbeiten jedoch Nachrichten und Verbindungsdaten. Das ist weder Ende-zu-Ende-Verschlüsselung noch eine Anonymitätsgarantie.
guideAliasTitle|Temporary inbox or email alias: which should you use?|使い捨てメールとメールエイリアスの選び方|Correo temporal o alias: ¿cuál elegir?|Email temporário ou alias: qual usar?|Email temporaire ou alias : que choisir ?|Wegwerf-Postfach oder E-Mail-Alias: Was passt?
guideAliasDescription|Compare a temporary receiving inbox, a forwarding alias, and a permanent account before sharing an email address.|メールアドレスを登録する前に、一時受信箱・転送エイリアス・通常のメールを比較しましょう。|Compara un buzón temporal, un alias de reenvío y una cuenta permanente antes de compartir tu dirección.|Compare uma caixa temporária, um alias de encaminhamento e uma conta permanente antes de compartilhar um endereço.|Comparez boîte temporaire, alias de transfert et compte permanent avant de communiquer une adresse.|Vergleiche temporäres Postfach, Weiterleitungsalias und dauerhaftes Konto, bevor du eine Adresse angibst.
guideAliasBody|A disposable inbox is useful when you only need to read a short-lived message. An alias usually forwards mail into an existing inbox and may be better for a relationship you want to keep. A permanent email account is the appropriate choice for long-term access and recovery. HaruMail is a receiving inbox, not a forwarding alias: messages appear here, and are not forwarded to your personal email.|短期間だけメールを確認するなら使い捨てメールが適しています。エイリアスは通常、既存のメールボックスに転送するため、継続的な連絡に向いています。長期利用やアカウント復旧には通常のメールを選んでください。HaruMailは転送エイリアスではなく受信箱です。メールはここに表示され、個人のメールへ転送されません。|Un buzón desechable sirve para leer mensajes puntuales. Un alias suele reenviar al buzón habitual y puede ser mejor para una relación que quieras mantener. Una cuenta permanente es la opción adecuada para acceso y recuperación a largo plazo. HaruMail es un buzón receptor, no un alias: los mensajes aparecen aquí y no se reenvían a tu correo personal.|Uma caixa descartável serve para mensagens pontuais. Um alias costuma encaminhar para sua caixa existente e pode ser melhor para contatos contínuos. Uma conta permanente é adequada para acesso e recuperação a longo prazo. O HaruMail é uma caixa de recebimento, não um alias: as mensagens aparecem aqui e não são encaminhadas para seu email pessoal.|Une boîte jetable convient à un message ponctuel. Un alias transfère généralement les messages vers une boîte existante et convient mieux à une relation suivie. Un compte permanent est préférable pour l’accès et la récupération à long terme. HaruMail est une boîte de réception, pas un alias : les messages apparaissent ici et ne sont pas transférés vers votre email personnel.|Ein Wegwerf-Postfach eignet sich für kurzzeitig benötigte Nachrichten. Ein Alias leitet meist an ein vorhandenes Postfach weiter und passt besser zu längerfristigen Kontakten. Für dauerhaften Zugriff und Kontowiederherstellung ist ein reguläres E-Mail-Konto geeignet. HaruMail ist kein Weiterleitungsalias: Nachrichten erscheinen hier und werden nicht an deine persönliche Adresse weitergeschickt.
guideMissingTitle|Temporary email not receiving messages? A checklist|使い捨てメールが届かないときの確認手順|¿No llega el correo temporal? Qué comprobar|Email temporário não recebe mensagens? Confira|Email temporaire non reçu : que vérifier ?|Temporäre E-Mail kommt nicht an: Prüfliste
guideMissingDescription|Check the address, mailbox session, sender status, resend interval, and domain restrictions when an email is missing.|アドレス、ブラウザーの状態、送信状況、再送間隔、ドメイン制限を順に確認します。|Revisa dirección, sesión del buzón, estado del envío, intervalo de reenvío y restricciones del dominio.|Verifique endereço, sessão da caixa, status do envio, intervalo de reenvio e restrições de domínio.|Vérifiez l’adresse, la session, l’état de l’envoi, le délai de renvoi et les restrictions de domaine.|Prüfe Adresse, Postfachsitzung, Versandstatus, Wiederholungsintervall und Domainbeschränkungen.
guideMissingBody|First compare the address on this page with the one entered on the sending site, including the domain after @. Stay in the same browser and do not create a new address while waiting. Refresh the inbox; automatic checks normally run every 20 seconds. If the sender provides a resend button, wait for its stated interval. A rejected address and an accepted request with no delivered message are different problems.|まず、この画面のアドレスと送信元サイトに入力したアドレスを、@以降も含めて照合します。待っている間は同じブラウザーを使い、新しいアドレスを作成しないでください。受信トレイを更新します。通常は20秒ごとに自動確認します。再送ボタンがある場合は指定の間隔を守ってください。アドレス自体の拒否と、送信受付後の未着は別の問題です。|Compara la dirección de esta página con la introducida en el sitio emisor, incluido el dominio tras @. Mantén el mismo navegador y no crees otra dirección mientras esperas. Actualiza el buzón; normalmente se revisa cada 20 segundos. Si hay un botón de reenvío, respeta el intervalo indicado. Una dirección rechazada y un mensaje aceptado pero no recibido son problemas distintos.|Compare o endereço desta página com o informado no site remetente, incluindo o domínio após @. Use o mesmo navegador e não crie outro endereço enquanto espera. Atualize a caixa; a verificação costuma ocorrer a cada 20 segundos. Se houver botão de reenvio, respeite o intervalo indicado. Endereço recusado e mensagem aceita mas não recebida são problemas diferentes.|Comparez l’adresse affichée avec celle saisie sur le site expéditeur, y compris le domaine après @. Gardez le même navigateur et ne créez pas de nouvelle adresse pendant l’attente. Actualisez la boîte ; la vérification a normalement lieu toutes les 20 secondes. Respectez le délai du bouton de renvoi. Une adresse refusée et un message accepté mais non reçu sont deux problèmes différents.|Vergleiche die hier angezeigte Adresse einschließlich der Domain nach @ mit der beim Absender eingegebenen Adresse. Bleibe im selben Browser und erstelle während des Wartens keine neue Adresse. Aktualisiere das Postfach; normalerweise wird alle 20 Sekunden geprüft. Beachte vor erneutem Versand das angegebene Intervall. Eine abgelehnte Adresse und eine fehlende Nachricht nach angenommenem Versand sind unterschiedliche Probleme.
guideMissingNext|If mail is still missing, check whether the service blocks disposable email, delays sending, or requires a permanent address. Only the sender can confirm whether it actually dispatched the message. Do not repeatedly request codes or change addresses as a way to bypass its limits. Use a permanent address when required.|届かない場合は、送信元が使い捨てメールを拒否していないか、送信が遅れていないか、通常のメールを求めていないかを確認します。実際の送信完了は送信元でしか確認できません。制限回避のためにコードの要求やアドレス変更を繰り返さず、必要なら通常のメールを使ってください。|Si sigue sin llegar, comprueba si el servicio bloquea correo desechable, retrasa el envío o exige una dirección permanente. Solo el remitente puede confirmar el envío real. No solicites códigos ni cambies direcciones repetidamente para eludir límites. Usa una dirección permanente cuando se requiera.|Se ainda não chegar, veja se o serviço bloqueia emails descartáveis, atrasa o envio ou exige um endereço permanente. Só o remetente pode confirmar o envio real. Não peça códigos nem troque de endereço repetidamente para burlar limites. Use um endereço permanente quando exigido.|Si rien n’arrive, vérifiez si le service bloque les emails jetables, retarde l’envoi ou exige une adresse permanente. Seul l’expéditeur peut confirmer l’envoi effectif. Ne multipliez pas les demandes de codes ou changements d’adresse pour contourner ses limites. Utilisez une adresse permanente si elle est exigée.|Prüfe bei weiterem Ausbleiben, ob der Dienst Wegwerf-Adressen sperrt, verzögert sendet oder eine dauerhafte Adresse verlangt. Nur der Absender kann den tatsächlichen Versand bestätigen. Fordere nicht wiederholt Codes an und wechsle nicht zur Umgehung von Limits die Adresse. Nutze bei Bedarf eine dauerhafte Adresse.
guideTestingTitle|Test email delivery on a service you control|自分のサービスでメール受信をテストする|Prueba la entrega de correo en tu propio servicio|Teste o recebimento de email no seu serviço|Tester la réception des emails de votre service|E-Mail-Empfang für deinen eigenen Dienst testen
guideTestingDescription|Use a disposable test inbox to check subjects, text, Unicode, and links without including real personal data.|実際の個人情報を使わず、一時受信箱で件名・本文・文字コード・リンクを確認しましょう。|Usa un buzón de prueba para revisar asuntos, texto, caracteres y enlaces sin datos personales reales.|Use uma caixa de teste para conferir assunto, texto, caracteres e links sem dados pessoais reais.|Utilisez une boîte de test pour vérifier objets, texte, caractères et liens sans données personnelles réelles.|Prüfe Betreff, Text, Sonderzeichen und Links in einem Testpostfach ohne echte personenbezogene Daten.
guideTestingBody|Create a new inbox, then send a synthetic message from an application you own or are authorized to test. Verify the recipient, subject, readable body, and timestamp. Test both plain text and HTML-only messages, because HaruMail displays readable text rather than the original HTML. Use test codes and fictional names; never include real passwords, payment details, or customer records.|自分が管理する、またはテスト許可のあるアプリから、作成した受信箱へテストメールを送ります。宛先、件名、読める本文、日時を確認してください。HaruMailはHTML原文ではなくテキストを表示するため、プレーンテキストとHTMLのみのメールの両方を試します。コードや氏名はテスト用にし、実際のパスワードや決済情報、顧客情報を含めないでください。|Crea un buzón y envía un mensaje ficticio desde una aplicación propia o autorizada. Comprueba destinatario, asunto, texto y hora. Prueba texto plano y mensajes solo HTML, ya que HaruMail muestra texto legible en vez del HTML original. Usa códigos y nombres de prueba; nunca contraseñas reales, datos de pago ni registros de clientes.|Crie uma caixa e envie uma mensagem fictícia de um aplicativo próprio ou autorizado. Confira destinatário, assunto, texto e horário. Teste texto simples e mensagens apenas HTML, pois o HaruMail mostra texto legível em vez do HTML original. Use códigos e nomes fictícios; nunca senhas reais, dados de pagamento ou registros de clientes.|Créez une boîte puis envoyez un message fictif depuis une application que vous gérez ou êtes autorisé à tester. Vérifiez destinataire, objet, texte et heure. Testez le texte brut et le HTML seul, car HaruMail affiche du texte lisible plutôt que le HTML original. Utilisez des codes et noms fictifs, jamais de vrais mots de passe, données de paiement ou dossiers clients.|Erstelle ein Postfach und sende eine synthetische Nachricht aus einer eigenen oder zum Test freigegebenen Anwendung. Prüfe Empfänger, Betreff, lesbaren Text und Zeitstempel. Teste Klartext und reine HTML-Nachrichten, da HaruMail Text statt des HTML-Originals anzeigt. Verwende Testcodes und erfundene Namen, niemals echte Passwörter, Zahlungs- oder Kundendaten.
guideTestingNext|Keep tests small and respect request limits. A successful receive test checks this delivery path at that moment; it does not prove delivery to all providers. Check long-lived account workflows with a permanent test account that you can recover later.|テスト件数を抑え、リクエスト制限を守ってください。一度の受信成功はその時点の経路を確認するもので、すべての事業者への到達を保証しません。継続利用や復旧のテストには、後からアクセスできる通常のテストアカウントを使ってください。|Limita el volumen de pruebas y respeta los límites. Recibir un mensaje verifica esa ruta en ese momento, no la entrega a todos los proveedores. Prueba los procesos de cuentas duraderas con una cuenta permanente que puedas recuperar.|Mantenha os testes pequenos e respeite os limites. Receber uma mensagem verifica aquele caminho naquele momento, não a entrega a todos os provedores. Teste fluxos de contas duradouras com uma conta permanente recuperável.|Limitez le volume des tests et respectez les limites de requêtes. Une réception réussie vérifie ce trajet à cet instant, pas la livraison vers tous les prestataires. Testez les comptes durables avec une adresse permanente récupérable.|Halte Tests klein und beachte Anfragelimits. Ein erfolgreicher Empfang bestätigt diesen Weg zu diesem Zeitpunkt, nicht die Zustellung an alle Anbieter. Prüfe dauerhafte Kontoprozesse mit einem langfristig zugänglichen Testkonto.
guidePhishingTitle|Read temporary email safely: links and phishing|一時メールのリンクとフィッシング対策|Lee correo temporal con cuidado: enlaces y phishing|Leia email temporário com cuidado: links e phishing|Lire ses emails temporaires : liens et hameçonnage|Temporäre E-Mails lesen: Links und Phishing
guidePhishingDescription|Learn what text-only viewing prevents and why sender names and verification links still need checking.|テキスト表示で防げることと、差出人名や認証リンクの確認が必要な理由を説明します。|Conoce qué evita la vista de texto y por qué debes revisar remitentes y enlaces de verificación.|Saiba o que a visualização de texto evita e por que conferir remetentes e links de verificação.|Comprenez les limites de l’affichage texte et pourquoi vérifier les expéditeurs et liens de confirmation.|Erfahre, was Textansicht verhindert und warum Absendernamen und Bestätigungslinks trotzdem geprüft werden müssen.
guidePhishingBody|HaruMail does not load remote message images or execute message scripts. This reduces automatic requests caused by opening email, but it cannot make an untrusted message safe. A sender’s display name can be misleading. Check the actual domain and the message you expected before copying a link or a verification code. Never send an unexpected correspondent your password or a recovery code.|HaruMailはメール内の外部画像やスクリプトを読み込みません。閲覧だけで外部へアクセスする動作を減らせますが、不審なメールを安全にするものではありません。差出人の表示名は信用できるとは限りません。リンクや認証コードをコピーする前に、実際のドメインと待っていた内容を確認してください。知らない相手にパスワードや復旧コードを送らないでください。|HaruMail no carga imágenes remotas ni ejecuta scripts de los mensajes. Esto reduce solicitudes automáticas al abrirlos, pero no hace seguro un correo sospechoso. El nombre del remitente puede engañar. Revisa el dominio real y el mensaje esperado antes de copiar enlaces o códigos. Nunca entregues contraseñas ni códigos de recuperación a un contacto inesperado.|O HaruMail não carrega imagens externas nem executa scripts das mensagens. Isso reduz requisições automáticas ao abrir emails, mas não torna uma mensagem suspeita segura. O nome do remetente pode enganar. Confira o domínio real e a mensagem esperada antes de copiar links ou códigos. Nunca entregue senhas ou códigos de recuperação a contatos inesperados.|HaruMail ne charge pas les images distantes et n’exécute pas les scripts des messages. Cela réduit les requêtes automatiques à l’ouverture, mais ne rend pas sûr un message suspect. Le nom affiché de l’expéditeur peut tromper. Vérifiez le domaine réel et le message attendu avant de copier un lien ou un code. Ne transmettez jamais de mot de passe ou de code de récupération à un contact inattendu.|HaruMail lädt keine externen Nachrichtenbilder und führt keine Nachrichtenskripte aus. Das verringert automatische Anfragen beim Öffnen, macht verdächtige Nachrichten aber nicht sicher. Der angezeigte Absendername kann täuschen. Prüfe die tatsächliche Domain und den erwarteten Inhalt, bevor du Links oder Codes kopierst. Gib unerwarteten Kontakten niemals Passwörter oder Wiederherstellungscodes.
guidePhishingNext|If a message asks you to sign in or pay, open the service through a bookmark or a known address instead of following the email. Do not publish screenshots containing inbox addresses, private links, or verification codes. Closing a temporary inbox cannot undo a disclosure that has already happened.|ログインや支払いを求められた場合は、メールのリンクではなく、ブックマークや既知のアドレスからサービスを開いてください。メールアドレス、非公開リンク、認証コードが写った画面を公開しないでください。メールボックスを閉じても、すでに漏れた情報を取り戻すことはできません。|Si un mensaje pide iniciar sesión o pagar, abre el servicio desde un marcador o una dirección conocida. No publiques capturas con direcciones, enlaces privados o códigos. Cerrar un buzón temporal no revierte una divulgación ya ocurrida.|Se a mensagem pedir login ou pagamento, abra o serviço por um favorito ou endereço conhecido. Não publique capturas com endereços, links privados ou códigos. Fechar a caixa temporária não desfaz uma divulgação já ocorrida.|Si un message demande une connexion ou un paiement, ouvrez le service depuis un favori ou une adresse connue. Ne publiez pas de captures avec adresses, liens privés ou codes. Fermer une boîte temporaire n’annule pas une divulgation déjà survenue.|Wenn eine Nachricht Anmeldung oder Zahlung verlangt, öffne den Dienst über ein Lesezeichen oder eine bekannte Adresse. Veröffentliche keine Screenshots mit Postfachadressen, privaten Links oder Codes. Ein geschlossenes Postfach macht eine bereits erfolgte Offenlegung nicht rückgängig.
aboutDescription|Meet HaruMail, a free receiving-only temporary inbox with clear limits and practical email guides.|無料・受信専用の一時メールHaruMailの目的、機能と利用上の制限をご紹介します。|Conoce HaruMail, un buzón temporal gratuito de solo recepción, con límites claros y guías prácticas.|Conheça o HaruMail, uma caixa temporária grátis somente para recebimento, com limites claros e guias práticos.|Découvrez HaruMail, une boîte temporaire gratuite dédiée à la réception, avec des limites claires et des guides pratiques.|Lerne HaruMail kennen: ein kostenloses temporäres Empfangspostfach mit klaren Grenzen und praktischen Anleitungen.
aboutBody|HaruMail helps you receive short-term messages without handing out your everyday email address. The service is available in multiple languages and uses the same mailbox across language pages in the same browser. We explain what the service actually does: random address creation, received-message lists, and readable text for a limited period. It is not a permanent account or an anonymous encrypted mailbox.|HaruMailは、普段のアドレスを知らせずに短期的なメールを受け取るためのサービスです。複数言語に対応し、同じブラウザーなら言語を切り替えても同じメールボックスを使います。ランダムなアドレス作成、受信一覧、期限付きのテキスト閲覧という実際の機能を説明します。永続アカウントや匿名の暗号化メールではありません。|HaruMail te ayuda a recibir mensajes puntuales sin dar tu dirección habitual. Está disponible en varios idiomas y mantiene el mismo buzón al cambiar de idioma en el mismo navegador. Explicamos sus funciones reales: dirección aleatoria, lista de mensajes y lectura de texto por tiempo limitado. No es una cuenta permanente ni un buzón cifrado anónimo.|O HaruMail ajuda a receber mensagens pontuais sem fornecer seu endereço principal. Está disponível em vários idiomas e mantém a mesma caixa ao trocar o idioma no mesmo navegador. Explicamos suas funções reais: endereço aleatório, lista de mensagens e leitura de texto por tempo limitado. Não é uma conta permanente nem uma caixa criptografada anônima.|HaruMail permet de recevoir des messages ponctuels sans donner votre adresse habituelle. Le service existe en plusieurs langues et conserve la même boîte lors d’un changement de langue dans le même navigateur. Ses fonctions sont la création d’une adresse aléatoire, la liste des messages et la lecture du texte pendant une durée limitée. Ce n’est ni un compte permanent ni une boîte chiffrée anonyme.|HaruMail hilft dir, kurzfristige Nachrichten ohne Angabe deiner Hauptadresse zu empfangen. Der Dienst ist mehrsprachig; beim Sprachwechsel im selben Browser bleibt dasselbe Postfach erhalten. Die Funktionen sind zufällige Adresserstellung, Nachrichtenliste und zeitlich begrenzte Textansicht. Es ist weder ein dauerhaftes Konto noch ein anonymes verschlüsseltes Postfach.
contactDescription|Find troubleshooting steps and the information useful for reporting a HaruMail delivery or display problem.|HaruMailの受信・表示の問題を調べる手順と、問い合わせ時に役立つ情報をご案内します。|Consulta cómo resolver problemas y qué información ayuda a comunicar un error de entrega o visualización.|Veja etapas de diagnóstico e informações úteis para relatar problemas de recebimento ou exibição.|Consultez les vérifications et les informations utiles pour signaler un problème de réception ou d’affichage.|Hier findest du Prüfschritte und hilfreiche Angaben für die Meldung von Empfangs- oder Anzeigeproblemen.
contactBody|For missing messages, start with the delivery checklist. For other problems, note the date, time zone, browser, error text, and the step that failed. Do not share passwords, cookies, message bodies, or verification codes in a public report. Restrictions imposed by another website must be addressed with that website.|未着メールについては、まず受信確認ガイドを参照してください。その他の問題では、日時・タイムゾーン・ブラウザー・エラー文・発生した手順を記録してください。パスワード、Cookie、本文、認証コードを公開の報告に含めないでください。他サイトの利用制限はそのサイトで確認してください。|Si faltan mensajes, empieza por la guía de recepción. Para otros errores, anota fecha, zona horaria, navegador, texto del error y paso afectado. No compartas contraseñas, cookies, contenidos ni códigos en informes públicos. Las restricciones de otra web deben consultarse con esa web.|Para mensagens ausentes, comece pelo guia de recebimento. Para outros erros, anote data, fuso horário, navegador, mensagem de erro e etapa afetada. Não compartilhe senhas, cookies, conteúdo de emails ou códigos em relatos públicos. Restrições de outros sites devem ser tratadas com esses sites.|Pour les messages manquants, commencez par le guide de réception. Pour les autres problèmes, notez date, fuseau horaire, navigateur, erreur et étape concernée. Ne partagez pas mots de passe, cookies, contenus ou codes dans un signalement public. Les restrictions d’un autre site doivent être traitées avec ce site.|Beginne bei fehlenden Nachrichten mit der Empfangsprüfliste. Notiere bei anderen Fehlern Datum, Zeitzone, Browser, Fehlermeldung und betroffenen Schritt. Teile in öffentlichen Meldungen keine Passwörter, Cookies, Nachrichteninhalte oder Codes. Beschränkungen anderer Websites müssen dort geklärt werden.
contactPending|A private support contact has not yet been published. Do not post personal information publicly. You can use the guides and FAQ while the contact channel is being prepared.|非公開の問い合わせ先はまだ公開されていません。個人情報を公開しないでください。窓口の準備中はガイドとFAQをご利用いただけます。|Todavía no se ha publicado un contacto privado de soporte. No publiques información personal. Mientras se prepara el canal, consulta las guías y preguntas frecuentes.|Um contato privado de suporte ainda não foi publicado. Não divulgue dados pessoais. Enquanto o canal é preparado, consulte os guias e perguntas frequentes.|Aucun contact privé d’assistance n’est encore publié. Ne diffusez pas d’informations personnelles. Les guides et la FAQ restent disponibles pendant sa préparation.|Ein privater Supportkontakt wurde noch nicht veröffentlicht. Poste keine personenbezogenen Daten öffentlich. Bis der Kontaktkanal bereitsteht, helfen Anleitungen und FAQ.
privacyDescription|How HaruMail processes incoming messages, access cookies, provider data, retention, and privacy requests.|HaruMailの受信メール、アクセスCookie、提供事業者、保存と問い合わせの取り扱いをご案内します。|Cómo trata HaruMail los mensajes, cookies de acceso, proveedores, conservación y solicitudes de privacidad.|Como o HaruMail trata mensagens, cookies de acesso, provedores, retenção e solicitações de privacidade.|Comment HaruMail traite messages, cookies d’accès, prestataires, conservation et demandes de confidentialité.|So verarbeitet HaruMail Nachrichten, Zugriffscookies, Anbieterdaten, Speicherung und Datenschutzanfragen.
privacyDataTitle|Data processed|処理する情報|Datos tratados|Dados tratados|Données traitées|Verarbeitete Daten
privacyDataBody|We process the generated recipient address, sender, subject, readable body, and received time to display incoming messages. A signed access cookie contains the mailbox address and its creation and expiry times. Hosting and security systems may process IP addresses, request times, browser information, and error logs. No name, phone number, or payment details are required to create an inbox, but information included by a sender is still processed.|メール表示のため、作成した宛先、差出人、件名、読める本文、受信時刻を処理します。署名付きアクセスCookieにはアドレス、作成時刻、期限が入ります。ホスティングや保護システムはIP、リクエスト時刻、ブラウザー情報、エラーログを処理する場合があります。作成に氏名・電話番号・決済情報は不要ですが、送信者が本文に含めた情報は処理されます。|Tratamos dirección receptora, remitente, asunto, texto y hora para mostrar mensajes. Una cookie firmada contiene la dirección y las fechas de creación y caducidad. Los sistemas de alojamiento y seguridad pueden tratar IP, horas de solicitud, navegador y errores. No se exige nombre, teléfono ni datos de pago, pero sí se procesa la información incluida por el remitente.|Tratamos endereço de destino, remetente, assunto, texto e horário para exibir mensagens. Um cookie assinado contém o endereço e os horários de criação e expiração. Sistemas de hospedagem e segurança podem tratar IP, horários de requisição, navegador e erros. Nome, telefone e pagamento não são exigidos, mas informações incluídas pelo remetente são processadas.|Nous traitons adresse destinataire, expéditeur, objet, texte et heure pour afficher les messages. Un cookie signé contient l’adresse et les dates de création et d’expiration. Les systèmes d’hébergement et de sécurité peuvent traiter IP, heures des requêtes, navigateur et erreurs. Aucun nom, téléphone ou paiement n’est exigé, mais les informations ajoutées par l’expéditeur sont traitées.|Zur Anzeige verarbeiten wir Empfängeradresse, Absender, Betreff, lesbaren Text und Empfangszeit. Ein signiertes Cookie enthält Adresse sowie Erstellungs- und Ablaufzeit. Hosting- und Schutzsysteme können IP-Adressen, Anfragezeiten, Browserinformationen und Fehlerprotokolle verarbeiten. Name, Telefon und Zahlungsdaten sind nicht erforderlich; Angaben des Absenders werden dennoch verarbeitet.
privacyRetentionTitle|Access period and storage|利用期限と保存|Plazo de acceso y conservación|Prazo de acesso e retenção|Durée d’accès et conservation|Zugriffszeit und Speicherung
privacyRetentionBody|Browser access expires 24 hours after creation. Closing the inbox or creating another address clears this browser’s previous access information; copies of a valid access token may remain usable until their expiry. This does not delete stored messages or sender copies immediately. In the current deployment, received-message records are stored in Supabase. No automatic 24-hour deletion job is configured for those records, so storage can outlast browser access. Provider logs and backups follow their actual settings and policies.|ブラウザーからのアクセスは作成後24時間で失効します。閉じる操作や新規作成で、このブラウザーの以前のアクセス情報を消しますが、有効なトークンのコピーは期限まで使える場合があります。保存メールや送信者のコピーは直ちに削除されません。現在は受信記録をSupabaseに保存し、24時間後の自動削除処理は設定されていないため、アクセス期限より長く残ることがあります。事業者のログとバックアップは実際の設定・方針に従います。|El acceso caduca 24 horas tras la creación. Cerrar o cambiar el buzón elimina el acceso previo de este navegador; las copias válidas del token pueden servir hasta su vencimiento. Esto no borra inmediatamente mensajes ni copias del remitente. Actualmente se guardan registros en Supabase y no hay una tarea configurada para borrarlos automáticamente a las 24 horas. Pueden conservarse más que el acceso. Los registros y copias de seguridad del proveedor siguen sus ajustes y políticas.|O acesso expira 24 horas após a criação. Fechar ou trocar a caixa remove o acesso anterior deste navegador; cópias válidas do token podem funcionar até expirarem. Isso não apaga imediatamente mensagens nem cópias do remetente. Atualmente os registros ficam no Supabase e não há tarefa configurada para excluí-los automaticamente após 24 horas. Podem permanecer além do prazo de acesso. Logs e backups seguem as configurações e políticas dos provedores.|L’accès expire 24 heures après création. Fermer ou remplacer la boîte efface l’ancien accès de ce navigateur ; les copies valides du jeton peuvent fonctionner jusqu’à leur expiration. Cela ne supprime pas immédiatement les messages ni les copies de l’expéditeur. Les messages sont actuellement stockés dans Supabase, sans tâche de suppression automatique après 24 heures. Ils peuvent donc rester au-delà de l’accès. Journaux et sauvegardes suivent les réglages et politiques des prestataires.|Der Browserzugriff endet 24 Stunden nach Erstellung. Schließen oder Ersetzen löscht den bisherigen Zugriff dieses Browsers; gültige Tokenkopien können bis zum Ablauf nutzbar bleiben. Gespeicherte Nachrichten und Absenderkopien werden dadurch nicht sofort gelöscht. Empfangsdaten liegen derzeit in Supabase. Eine automatische Löschung nach 24 Stunden ist nicht eingerichtet, daher kann die Speicherung länger dauern als der Zugriff. Anbieterprotokolle und Backups folgen den jeweiligen Einstellungen und Richtlinien.
privacyProvidersTitle|Providers and browser cookies|提供事業者とCookie|Proveedores y cookies|Provedores e cookies|Prestataires et cookies|Anbieter und Cookies
privacyProvidersBody|The current website uses Vercel for hosting, Cloudflare Email Routing and a Worker for incoming mail, and Supabase for message storage. Data may be processed outside your country. The essential xtmail_session cookie uses Secure, HttpOnly, and SameSite=Strict over HTTPS. Tabs and language pages in the same browser share it; other devices do not. Removing it loses inbox access. The service is not end-to-end encrypted.|現在はVercelでサイトを配信し、Cloudflare Email RoutingとWorkerで受信、Supabaseで保存しています。データが居住国外で処理される場合があります。機能に必要なxtmail_session CookieはHTTPSでSecure、HttpOnly、SameSite=Strictを使います。同じブラウザーのタブや言語ページで共有しますが、別端末では共有しません。削除するとアクセスを失います。エンドツーエンド暗号化は提供していません。|La web usa Vercel para alojamiento, Cloudflare Email Routing y un Worker para recepción, y Supabase para almacenamiento. Los datos pueden tratarse fuera de tu país. La cookie esencial xtmail_session usa Secure, HttpOnly y SameSite=Strict sobre HTTPS. La comparten las pestañas e idiomas del mismo navegador, no otros dispositivos. Borrarla elimina el acceso. No hay cifrado de extremo a extremo.|O site usa Vercel para hospedagem, Cloudflare Email Routing e um Worker para recebimento, e Supabase para armazenamento. Os dados podem ser tratados fora do seu país. O cookie essencial xtmail_session usa Secure, HttpOnly e SameSite=Strict em HTTPS. Abas e idiomas do mesmo navegador compartilham o cookie, outros dispositivos não. Apagá-lo remove o acesso. Não há criptografia de ponta a ponta.|Le site utilise Vercel pour l’hébergement, Cloudflare Email Routing et un Worker pour la réception, et Supabase pour le stockage. Les données peuvent être traitées hors de votre pays. Le cookie essentiel xtmail_session utilise Secure, HttpOnly et SameSite=Strict en HTTPS. Les onglets et langues du même navigateur le partagent, pas les autres appareils. Sa suppression fait perdre l’accès. Il n’y a pas de chiffrement de bout en bout.|Die Website nutzt Vercel als Hosting, Cloudflare Email Routing und einen Worker für den Empfang sowie Supabase zur Speicherung. Daten können außerhalb deines Landes verarbeitet werden. Das notwendige Cookie xtmail_session nutzt über HTTPS Secure, HttpOnly und SameSite=Strict. Tabs und Sprachseiten desselben Browsers teilen es, andere Geräte nicht. Löschen beendet den Zugriff. Es besteht keine Ende-zu-Ende-Verschlüsselung.
privacyAdsTitle|Advertising and requests|広告と問い合わせ|Publicidad y solicitudes|Publicidade e solicitações|Publicité et demandes|Werbung und Anfragen
privacyAdsBody|Advertising scripts are currently disabled. Inbox contents and verification codes are not sent to Google for advertising. If advertising is introduced, this notice and applicable consent controls must be updated first. For access or deletion requests, use the private support channel listed on the contact page. Do not post sensitive information publicly. An email address alone does not prove past ownership or allow mailbox recovery.|現在、広告スクリプトは無効です。受信内容や認証コードを広告目的でGoogleに送りません。広告を導入する際は、先にこの案内と必要な同意機能を更新します。開示・削除の相談には、問い合わせページに記載した非公開の窓口をご利用ください。機密情報を公開しないでください。アドレスだけでは過去の所有を証明できず、メールボックスの復旧もできません。|Los scripts publicitarios están desactivados. No enviamos contenidos ni códigos a Google para publicidad. Antes de introducir anuncios deben actualizarse este aviso y los controles de consentimiento aplicables. Para acceso o eliminación, usa el canal privado indicado en la página de contacto. No publiques información sensible. La dirección sola no demuestra la titularidad pasada ni recupera el buzón.|Scripts de publicidade estão desativados. Conteúdos e códigos não são enviados ao Google para anúncios. Antes de introduzir publicidade, este aviso e os controles de consentimento aplicáveis devem ser atualizados. Para acesso ou exclusão, use o canal privado indicado na página de contato. Não exponha informações sensíveis. Só o endereço não prova titularidade passada nem recupera a caixa.|Les scripts publicitaires sont désactivés. Les contenus et codes ne sont pas envoyés à Google à des fins publicitaires. Avant l’ajout d’annonces, cette notice et les choix de consentement applicables devront être mis à jour. Pour l’accès ou l’effacement, utilisez le canal privé indiqué sur la page de contact. Ne diffusez pas de données sensibles. L’adresse seule ne prouve pas l’ancienne propriété et ne restaure pas la boîte.|Werbeskripte sind derzeit deaktiviert. Postfachinhalte und Codes werden nicht für Werbung an Google gesendet. Vor Einführung von Werbung müssen diese Hinweise und erforderliche Einwilligungsfunktionen aktualisiert werden. Nutze für Auskunft oder Löschung den privaten Kontakt auf der Kontaktseite. Poste keine sensiblen Daten. Die Adresse allein belegt keine frühere Inhaberschaft und stellt das Postfach nicht wieder her.
termsDescription|The permitted uses, time limits, service boundaries, and responsibilities for HaruMail’s free temporary inbox.|HaruMail無料一時メールの利用範囲、期限、制限、利用者の責任をご説明します。|Usos permitidos, plazos, límites y responsabilidades del buzón temporal gratuito de HaruMail.|Usos permitidos, prazos, limites e responsabilidades da caixa temporária grátis do HaruMail.|Usages autorisés, délais, limites et responsabilités de la boîte temporaire gratuite HaruMail.|Erlaubte Nutzung, Fristen, Leistungsgrenzen und Verantwortung beim kostenlosen temporären HaruMail-Postfach.
termsBody|Use HaruMail only for lawful mail you are authorized to receive and follow the rules of the services you use. Impersonation, phishing, unauthorized access, attacks, excessive automated requests, and deceptive abuse of account or promotion limits are prohibited. Use synthetic data for testing. Do not use a temporary inbox as your only recovery method for an important account.|受信権限のある適法なメールにのみ利用し、利用先サービスの規則も守ってください。なりすまし、フィッシング、不正アクセス、攻撃、過剰な自動リクエスト、アカウントや特典の制限を欺く利用は禁止します。テストには架空のデータを使い、重要なアカウントの唯一の復旧手段にしないでください。|Usa HaruMail solo para correo legal que estés autorizado a recibir y respeta las reglas de los servicios. Se prohíben suplantación, phishing, acceso no autorizado, ataques, automatización excesiva y abuso engañoso de límites de cuentas o promociones. Usa datos ficticios para pruebas. No lo uses como único método de recuperación de una cuenta importante.|Use o HaruMail apenas para mensagens legais que você tenha autorização para receber e respeite as regras dos serviços. São proibidos falsidade de identidade, phishing, acesso indevido, ataques, automação excessiva e abuso enganoso de limites de contas ou promoções. Use dados fictícios nos testes. Não use a caixa como único meio de recuperação de uma conta importante.|Utilisez HaruMail uniquement pour des messages licites que vous êtes autorisé à recevoir et respectez les règles des services utilisés. Usurpation, hameçonnage, accès non autorisé, attaques, automatisation excessive et abus trompeurs des limites de comptes ou promotions sont interdits. Utilisez des données fictives pour les tests. Ne faites pas de cette boîte le seul moyen de récupérer un compte important.|Nutze HaruMail nur für rechtmäßige Nachrichten, die du empfangen darfst, und beachte die Regeln anderer Dienste. Identitätstäuschung, Phishing, unbefugter Zugriff, Angriffe, übermäßige automatisierte Anfragen und täuschender Missbrauch von Konto- oder Aktionslimits sind verboten. Nutze synthetische Testdaten. Verwende das Postfach nicht als einzige Wiederherstellungsmöglichkeit eines wichtigen Kontos.
termsLimits|Mail delivery, uninterrupted access, a specific response time, and acceptance by every website are not guaranteed. Provider outages, capacity limits, domain changes, or abuse may restrict the service. Do not redistribute messages without the rights to do so. Data processing follows the privacy notice. These terms do not remove rights granted by applicable law.|メール到達、無停止のアクセス、特定の応答時間、すべてのサイトでの利用を保証しません。事業者の障害、容量、ドメイン変更、不正利用で制限する場合があります。権利のないメールを再配布しないでください。情報処理はプライバシー案内に従い、適用法が認める権利を制限するものではありません。|No se garantizan entrega, acceso ininterrumpido, tiempos concretos ni aceptación universal. Fallos, capacidad, cambios de dominio o abusos pueden limitar el servicio. No redistribuyas mensajes sin derecho. El tratamiento sigue el aviso de privacidad. Estas condiciones no eliminan derechos de la legislación aplicable.|Não são garantidos entrega, acesso ininterrupto, tempo de resposta específico ou aceitação universal. Falhas, capacidade, alterações de domínio ou abusos podem limitar o serviço. Não redistribua mensagens sem direito. O tratamento segue o aviso de privacidade. Estes termos não removem direitos previstos na lei aplicável.|La livraison, l’accès sans interruption, un délai précis et l’acceptation par tous les sites ne sont pas garantis. Pannes, capacités, changements de domaine ou abus peuvent limiter le service. Ne redistribuez pas de messages sans en avoir les droits. Le traitement suit la notice de confidentialité. Ces conditions ne retirent pas les droits prévus par la loi applicable.|Zustellung, unterbrechungsfreier Zugriff, bestimmte Antwortzeiten und Annahme durch jede Website werden nicht garantiert. Ausfälle, Kapazitätsgrenzen, Domainänderungen oder Missbrauch können den Dienst einschränken. Verbreite Nachrichten nicht ohne entsprechende Rechte weiter. Die Datenverarbeitung folgt den Datenschutzhinweisen. Gesetzliche Rechte bleiben unberührt.
updated|Updated September 7, 2026|更新日：2026年9月7日|Actualizado el 7 de septiembre de 2026|Atualizado em 7 de setembro de 2026|Mise à jour le 7 septembre 2026|Aktualisiert am 7. September 2026
