practicalHeading|Try it with a non-sensitive message|機密情報を含まないメールで確認する|Prueba con un mensaje sin datos sensibles|Teste com uma mensagem sem dados sensíveis|Essayez avec un message sans données sensibles|Mit einer Nachricht ohne sensible Daten ausprobieren
privacyExample|For example, receive a test notification you control, read it, then close the mailbox when the task is finished. Before closing it, keep any non-sensitive result you need. A closed mailbox cannot be recovered by typing its address. Switching the website language keeps the same browser session; moving to another device does not transfer access.|自分で管理するテスト通知を受信して読み、作業が終わったらメールボックスを閉じます。閉じる前に必要な機密性のない結果を保存してください。アドレスを入力しても閉じたメールボックスは復元できません。表示言語を変えても同じブラウザーのセッションは続きますが、別の端末にはアクセス権が移りません。|Por ejemplo, recibe una notificación de prueba que controles, léela y cierra el buzón al terminar. Antes de cerrarlo, guarda los resultados no sensibles que necesites. Escribir la dirección no recupera un buzón cerrado. Cambiar el idioma conserva la sesión del navegador; cambiar de dispositivo no transfiere el acceso.|Receba uma notificação de teste sob seu controle, leia e feche a caixa ao terminar. Antes de fechar, guarde os resultados sem dados sensíveis de que precisar. Digitar o endereço não recupera uma caixa fechada. Alterar o idioma mantém a sessão do navegador; mudar de dispositivo não transfere o acesso.|Recevez par exemple une notification de test que vous contrôlez, lisez-la, puis fermez la boîte une fois terminé. Conservez auparavant les résultats non sensibles dont vous avez besoin. Saisir l’adresse ne permet pas de récupérer une boîte fermée. Changer de langue conserve la session du navigateur ; changer d’appareil ne transfère pas l’accès.|Empfangen Sie zum Beispiel eine selbst veranlasste Testnachricht, lesen Sie sie und schließen Sie das Postfach nach Abschluss. Sichern Sie zuvor benötigte Ergebnisse ohne sensible Daten. Die Eingabe der Adresse stellt ein geschlossenes Postfach nicht wieder her. Ein Sprachwechsel erhält die Browsersitzung; ein anderes Gerät erhält dadurch keinen Zugriff.
retentionHeading|What remains after access expires|アクセス期限後に残る情報|Qué queda al caducar el acceso|O que permanece após o acesso expirar|Ce qui reste après l’expiration de l’accès|Was nach Ablauf des Zugriffs bleibt
retentionExample|The 24-hour timer is an access limit, not a deletion certificate. HaruMail receives mail through Cloudflare and stores message records in Supabase. Automatic deletion of those records after 24 hours is not configured. The sender may also retain a copy. Read the retention policy before using the service; do not send identity documents, payment details or private correspondence to this mailbox.|24時間のタイマーはアクセス期限であり、データ削除の証明ではありません。HaruMailはCloudflare経由でメールを受信し、記録をSupabaseに保存します。記録を24時間後に自動削除する処理は設定されていません。送信者にもコピーが残る場合があります。利用前に保管方針を確認し、本人確認書類、決済情報、私的なやり取りには使用しないでください。|El plazo de 24 horas limita el acceso, pero no certifica la eliminación. HaruMail recibe correo mediante Cloudflare y almacena registros en Supabase. No está configurada su eliminación automática a las 24 horas. El remitente también puede conservar una copia. Consulta la política de conservación y no recibas documentos de identidad, datos de pago ni correspondencia privada en este buzón.|O prazo de 24 horas limita o acesso, mas não comprova a exclusão dos dados. O HaruMail recebe mensagens pelo Cloudflare e armazena registros no Supabase. A exclusão automática desses registros após 24 horas não está configurada. O remetente também pode manter uma cópia. Leia a política de retenção e não receba documentos de identidade, dados de pagamento ou correspondência privada nesta caixa.|Le délai de 24 heures limite l’accès ; il ne certifie pas l’effacement. HaruMail reçoit les messages via Cloudflare et conserve leurs enregistrements dans Supabase. Leur suppression automatique après 24 heures n’est pas configurée. L’expéditeur peut aussi garder une copie. Consultez la politique de conservation et n’utilisez pas cette boîte pour des pièces d’identité, des données de paiement ou de la correspondance privée.|Die 24 Stunden begrenzen den Zugriff und bestätigen keine Löschung. HaruMail empfängt E-Mails über Cloudflare und speichert Nachrichtendatensätze in Supabase. Eine automatische Löschung nach 24 Stunden ist nicht eingerichtet. Auch der Absender kann eine Kopie behalten. Lesen Sie die Aufbewahrungsregeln und verwenden Sie dieses Postfach nicht für Ausweise, Zahlungsdaten oder private Korrespondenz.
aliasHeading|Make the choice before signing up|登録前に用途から選ぶ|Elige antes de registrarte|Escolha antes de se cadastrar|Choisissez avant de vous inscrire|Vor der Registrierung entscheiden
aliasExample|A one-time test notification can suit a temporary mailbox if the service allows it. A newsletter you intend to keep reading is better suited to an alias that forwards to a mailbox you control. Purchases, work and account recovery need an address you can keep accessing. An email alias still depends on its forwarding provider and destination account; check what happens if either is closed.|一度だけのテスト通知には、相手のサービスが許可していれば一時メールを使えます。継続して読むニュースレターには、自分の受信箱へ転送するエイリアスが向いています。購入、仕事、アカウント復旧には継続して使えるアドレスが必要です。エイリアスも転送業者と転送先アカウントに依存するため、どちらかを解約した場合の扱いを確認してください。|Un aviso de prueba puntual puede recibirse en un buzón temporal si el servicio lo permite. Para un boletín que quieras seguir leyendo, conviene un alias que reenvíe a tu correo habitual. Compras, trabajo y recuperación de cuentas requieren acceso duradero. Un alias depende del proveedor de reenvío y de la cuenta de destino: comprueba qué ocurre si cierras cualquiera de ellos.|Uma notificação única de teste pode usar uma caixa temporária, se o serviço permitir. Para uma newsletter que queira continuar lendo, prefira um alias que encaminhe para uma caixa sob seu controle. Compras, trabalho e recuperação de contas exigem acesso duradouro. O alias depende do provedor de encaminhamento e da conta de destino: confira o que acontece se encerrar qualquer um deles.|Une notification de test ponctuelle peut convenir à une boîte temporaire si le service l’autorise. Pour une newsletter que vous souhaitez continuer à lire, préférez un alias qui redirige vers votre boîte habituelle. Les achats, le travail et la récupération de comptes nécessitent un accès durable. Un alias dépend du fournisseur de redirection et du compte destinataire : vérifiez les conséquences de leur fermeture.|Für eine einmalige Testbenachrichtigung kann ein temporäres Postfach passen, sofern der Dienst es erlaubt. Für einen dauerhaft gewünschten Newsletter eignet sich eher ein Alias mit Weiterleitung an Ihr eigenes Postfach. Käufe, Arbeit und Kontowiederherstellung benötigen langfristigen Zugriff. Ein Alias hängt vom Weiterleitungsanbieter und Zielkonto ab. Prüfen Sie, was bei deren Schließung passiert.
recoveryHeading|Check the recovery path|復旧方法も確認する|Comprueba cómo recuperar la cuenta|Confira como recuperar a conta|Vérifiez les moyens de récupération|Den Wiederherstellungsweg prüfen
recoveryExample|Before creating an account, ask whether a password reset or future security alert will be sent to the same address. If yes, use a durable address from the beginning. If you already used a temporary address, change the external account’s contact email while you can still sign in and complete any required confirmation. Creating a new HaruMail address does not update that external account.|登録前に、パスワード再設定や今後のセキュリティ通知が同じアドレスに送られるか確認してください。送られるなら最初から長期利用できるアドレスを使います。すでに一時アドレスを登録した場合は、ログインできるうちに相手サービスの連絡先を変更し、必要な確認を完了してください。HaruMailで新しいアドレスを作っても相手の登録情報は更新されません。|Comprueba si el restablecimiento de contraseña y los avisos de seguridad llegarán a esa dirección. Si es así, usa un correo duradero desde el principio. Si ya usaste uno temporal, cambia el contacto de la cuenta externa mientras puedas iniciar sesión y completa la confirmación necesaria. Crear otra dirección de HaruMail no actualiza esa cuenta.|Confira se a redefinição de senha e os avisos de segurança futuros serão enviados ao mesmo endereço. Nesse caso, use um endereço duradouro desde o início. Se já usou um temporário, altere o contato da conta externa enquanto ainda consegue entrar e conclua a confirmação necessária. Criar outro endereço no HaruMail não atualiza essa conta.|Vérifiez si la réinitialisation du mot de passe et les futures alertes de sécurité utiliseront cette adresse. Si oui, choisissez une adresse durable dès le départ. Si vous avez déjà utilisé une adresse temporaire, modifiez le contact du compte externe tant que vous pouvez vous connecter et terminez la confirmation demandée. Créer une autre adresse HaruMail ne met pas ce compte à jour.|Prüfen Sie, ob Passwortzurücksetzungen und spätere Sicherheitsmeldungen an dieselbe Adresse gehen. Nutzen Sie dann von Anfang an eine dauerhafte Adresse. Haben Sie bereits eine temporäre Adresse verwendet, ändern Sie die Kontaktadresse im externen Konto, solange Sie sich anmelden können, und bestätigen Sie den Wechsel. Eine neue HaruMail-Adresse aktualisiert das externe Konto nicht.
missingHeading|Identify which step failed|どの段階で止まったか確認する|Identifica el paso que falló|Identifique a etapa que falhou|Identifiez l’étape qui a échoué|Die fehlerhafte Stufe eingrenzen
missingExample|If the other website rejects the address before sending, contact that website or use an address it accepts; HaruMail cannot change its eligibility rules. If sending was accepted, compare the exact address with the current mailbox, refresh the message list and check that the browser session has not expired. Do not create a new address while waiting: the message was sent to the previous one.|送信前に相手サイトがアドレスを拒否する場合は、そのサイトに確認するか許可されたアドレスを使います。HaruMailで相手の利用条件は変更できません。送信が受け付けられた場合は宛先と現在のアドレスを一文字ずつ確認し、受信一覧を更新してセッションの期限を確認します。待っている間に新しいアドレスを作ると、メールの宛先は以前のままです。|Si la web rechaza la dirección antes de enviar, consulta con ella o usa una dirección admitida; HaruMail no puede modificar sus condiciones. Si aceptó el envío, compara la dirección exacta con el buzón actual, actualiza la lista y comprueba que la sesión no haya caducado. No generes otra dirección mientras esperas: el mensaje se envió a la anterior.|Se o site rejeita o endereço antes do envio, consulte esse site ou use um endereço aceito; o HaruMail não altera suas regras. Se o envio foi aceito, compare o endereço exato com a caixa atual, atualize a lista e confira se a sessão não expirou. Não gere outro endereço enquanto espera: a mensagem foi enviada ao anterior.|Si le site refuse l’adresse avant l’envoi, contactez-le ou utilisez une adresse acceptée ; HaruMail ne peut pas modifier ses conditions. Si l’envoi a été accepté, comparez précisément l’adresse avec celle de la boîte actuelle, actualisez la liste et vérifiez que la session n’a pas expiré. Ne créez pas une autre adresse en attendant : le message a été envoyé à la précédente.|Lehnt die andere Website die Adresse vor dem Versand ab, wenden Sie sich an sie oder nutzen Sie eine akzeptierte Adresse. HaruMail kann ihre Bedingungen nicht ändern. Wurde der Versand angenommen, vergleichen Sie die genaue Adresse mit dem aktuellen Postfach, aktualisieren Sie die Liste und prüfen Sie den Sitzungsablauf. Erstellen Sie während des Wartens keine neue Adresse: Die Nachricht ging an die vorherige.
missingEvidenceHeading|Collect useful evidence without exposing secrets|秘密情報を伏せて状況を記録する|Recoge información sin revelar secretos|Registre informações sem expor segredos|Rassemblez les éléments sans exposer de secrets|Hilfreiche Angaben ohne Geheimnisse sammeln
missingEvidence|For a delivery issue, record the time and time zone, browser, visible error and whether the sender reported a successful send. If you control the sender, inspect its delivery or bounce log before retrying. A successful send request does not prove inbox delivery. Repeated code requests can invalidate earlier codes; follow the sender’s waiting period and use only the newest valid code. Never include passwords, cookies or complete verification links in a report.|配信の問題は発生時刻とタイムゾーン、ブラウザー、エラー文、送信側の表示を記録します。送信側を管理している場合は再送前に配信・バウンスログを確認してください。送信要求の成功だけでは受信箱への到着は証明できません。コードを繰り返し要求すると古いコードが無効になることがあります。相手の待機時間に従い、最新の有効なコードを使います。報告にパスワード、Cookie、認証リンク全体を含めないでください。|Anota hora, zona horaria, navegador, error visible y si el remitente confirmó el envío. Si lo administras, revisa los registros de entrega o rebote antes de reintentar. Una solicitud de envío correcta no demuestra la llegada al buzón. Pedir códigos repetidamente puede invalidar los anteriores: respeta la espera indicada y usa el más reciente que siga vigente. No incluyas contraseñas, cookies ni enlaces de verificación completos en un informe.|Anote horário, fuso, navegador, erro visível e se o remetente confirmou o envio. Se você administra o envio, consulte os registros de entrega ou devolução antes de tentar novamente. Uma solicitação aceita não comprova a chegada à caixa. Pedir códigos repetidamente pode invalidar os anteriores: respeite o intervalo indicado e use o código válido mais recente. Não inclua senhas, cookies ou links completos de verificação no relato.|Notez l’heure, le fuseau horaire, le navigateur, l’erreur affichée et la confirmation éventuelle de l’expéditeur. Si vous gérez l’envoi, consultez les journaux de livraison ou de rejet avant de réessayer. Une demande d’envoi réussie ne prouve pas la réception. Des demandes répétées peuvent invalider les anciens codes : respectez le délai indiqué et utilisez le plus récent encore valable. N’incluez jamais de mots de passe, de cookies ou de liens de vérification complets dans un signalement.|Notieren Sie Uhrzeit, Zeitzone, Browser, Fehlermeldung und ob der Absender den Versand bestätigt hat. Verwalten Sie den Versand selbst, prüfen Sie vor einem erneuten Versuch Zustell- oder Bounce-Protokolle. Eine erfolgreiche Versandanfrage beweist keine Zustellung. Wiederholte Codeanforderungen können ältere Codes ungültig machen. Beachten Sie die Wartezeit und nutzen Sie den neuesten gültigen Code. Geben Sie keine Passwörter, Cookies oder vollständigen Bestätigungslinks weiter.
testingHeading|A small, repeatable test|小さく再現できるテスト|Una prueba pequeña y repetible|Um teste pequeno e reproduzível|Un test simple et reproductible|Ein kleiner, wiederholbarer Test
testingExample|In a service you own or are authorized to test, create one HaruMail address and request one test message containing a unique, non-sensitive marker such as DEMO-2026-01. Check recipient, subject, text and arrival time. Open the message and compare the displayed code with the sender’s test record. HaruMail extracts likely codes from text; a highlighted number is a convenience, not proof that the message is authentic.|自分が管理するかテスト許可を得たサービスで、HaruMailのアドレスを1つ作り、DEMO-2026-01など機密性のない識別子を入れたテストメールを1通送ります。宛先、件名、本文、到着時刻を確認し、表示コードを送信側のテスト記録と照合します。HaruMailは本文からコードらしい文字列を抽出しますが、強調された数字はメールの正当性を証明しません。|En un servicio propio o autorizado, crea una dirección y solicita un mensaje con un identificador único y no sensible, como DEMO-2026-01. Comprueba destinatario, asunto, texto y hora de llegada. Compara el código mostrado con el registro de prueba del remitente. HaruMail identifica posibles códigos en el texto; resaltar un número facilita su uso, pero no demuestra la autenticidad del mensaje.|Em um serviço próprio ou autorizado, crie um endereço e solicite uma mensagem com um identificador único sem dados sensíveis, como DEMO-2026-01. Confira destinatário, assunto, texto e horário de chegada. Compare o código exibido com o registro de teste do remetente. O HaruMail identifica possíveis códigos no texto; destacar um número facilita o uso, mas não comprova a autenticidade da mensagem.|Dans un service que vous gérez ou êtes autorisé à tester, créez une adresse et demandez un message contenant un repère unique non sensible, comme DEMO-2026-01. Vérifiez le destinataire, l’objet, le texte et l’heure d’arrivée. Comparez le code affiché au journal de test de l’expéditeur. HaruMail repère les codes probables dans le texte ; un nombre mis en évidence facilite la lecture, mais ne prouve pas l’authenticité du message.|Erstellen Sie für einen eigenen oder ausdrücklich zum Test freigegebenen Dienst eine Adresse und fordern Sie eine Nachricht mit einer eindeutigen, nicht sensiblen Kennung wie DEMO-2026-01 an. Prüfen Sie Empfänger, Betreff, Text und Ankunftszeit. Vergleichen Sie den angezeigten Code mit dem Testprotokoll des Absenders. HaruMail erkennt mögliche Codes im Text; eine hervorgehobene Zahl bestätigt nicht die Echtheit der Nachricht.
testingLimitsHeading|Know what this test does not measure|このテストで確認できないこと|Qué no mide esta prueba|O que este teste não mede|Ce que ce test ne mesure pas|Was dieser Test nicht misst
testingLimits|The reader displays plain text and does not render email HTML, load remote images or open attachments. Use dedicated email previews to test responsive layouts and images. One message reaching HaruMail does not measure deliverability to all providers. Keep load tests in infrastructure you control; do not repeatedly create mailboxes or accounts on third-party services. After testing, remove test accounts in your own application and keep only the non-sensitive results you need.|表示はプレーンテキストで、HTML描画、外部画像の読み込み、添付ファイルの表示は行いません。レイアウトや画像は専用プレビューで確認します。HaruMailに1通届いても他社メールへの到達率は分かりません。負荷テストは管理下の設備で行い、他社のメールボックスやアカウントを繰り返し作成しないでください。終了後は自分のアプリのテストアカウントを削除し、必要な機密性のない結果だけを残します。|El lector muestra texto sin formato: no renderiza HTML, carga imágenes remotas ni abre adjuntos. Prueba diseños e imágenes con herramientas de previsualización. Recibir un mensaje aquí no mide la entregabilidad a todos los proveedores. Realiza las pruebas de carga en infraestructura propia; no crees repetidamente buzones o cuentas de terceros. Al terminar, elimina las cuentas de prueba en tu aplicación y conserva solo los resultados no sensibles necesarios.|O leitor exibe texto simples: não renderiza HTML, carrega imagens remotas nem abre anexos. Teste layouts e imagens com ferramentas de prévia de e-mail. Receber uma mensagem aqui não mede a entregabilidade para todos os provedores. Faça testes de carga em infraestrutura própria; não crie repetidamente caixas ou contas de terceiros. Ao terminar, remova as contas de teste no seu aplicativo e guarde apenas os resultados necessários sem dados sensíveis.|Le lecteur affiche du texte brut : il n’interprète pas le HTML, ne charge pas les images distantes et n’ouvre pas les pièces jointes. Testez la mise en page et les images avec des outils de prévisualisation. Un message reçu ici ne mesure pas la délivrabilité chez tous les fournisseurs. Réservez les tests de charge à votre infrastructure et ne multipliez pas les comptes tiers. Ensuite, supprimez les comptes de test de votre application et ne conservez que les résultats non sensibles nécessaires.|Der Leser zeigt Klartext, rendert kein E-Mail-HTML, lädt keine externen Bilder und öffnet keine Anhänge. Testen Sie Layouts und Bilder mit speziellen Vorschauwerkzeugen. Eine hier empfangene Nachricht misst nicht die Zustellbarkeit bei allen Anbietern. Führen Sie Lasttests nur auf eigener Infrastruktur durch und erstellen Sie nicht wiederholt fremde Konten oder Postfächer. Entfernen Sie danach die Testkonten Ihrer Anwendung und behalten Sie nur benötigte Ergebnisse ohne sensible Daten.
phishingHeading|Read a domain from right to left|ドメインは右側から確認する|Lee el dominio de derecha a izquierda|Leia o domínio da direita para a esquerda|Lisez le domaine de droite à gauche|Den Domainnamen von rechts prüfen
phishingExample|In the fictional address accounts.example.com, accounts is a subdomain of example.com. In example.com.attacker.test, the name example.com is only a prefix: the destination is under attacker.test. These are illustrative names, not links to visit. Check the actual host before entering a password. A familiar sender name, a verification code or HTTPS alone cannot establish who operates a website.|例示用のaccounts.example.comではaccountsはexample.comのサブドメインです。一方example.com.attacker.testではexample.comは先頭の文字列にすぎず、宛先はattacker.test配下です。これは説明用で、アクセスするリンクではありません。パスワードを入力する前に実際のホスト名を確認してください。見慣れた送信者名、認証コード、HTTPSだけでは運営者を確認できません。|En la dirección ficticia accounts.example.com, accounts es un subdominio de example.com. En example.com.attacker.test, example.com es solo un prefijo: el destino pertenece a attacker.test. Son ejemplos, no enlaces que debas visitar. Comprueba el host real antes de introducir contraseñas. Un remitente conocido, un código de verificación o HTTPS por sí solos no identifican al operador de una web.|No endereço fictício accounts.example.com, accounts é um subdomínio de example.com. Em example.com.attacker.test, example.com é apenas um prefixo: o destino pertence a attacker.test. São exemplos, não links para visitar. Confira o host real antes de digitar senhas. Um remetente conhecido, um código de verificação ou HTTPS, isoladamente, não identificam o operador de um site.|Dans l’adresse fictive accounts.example.com, accounts est un sous-domaine de example.com. Dans example.com.attacker.test, example.com n’est qu’un préfixe : la destination relève de attacker.test. Ce sont des exemples, pas des liens à visiter. Vérifiez le véritable nom d’hôte avant de saisir un mot de passe. Un nom d’expéditeur familier, un code ou HTTPS ne suffisent pas à identifier l’exploitant d’un site.|In der Beispieladresse accounts.example.com ist accounts eine Subdomain von example.com. Bei example.com.attacker.test ist example.com nur ein Präfix; das Ziel liegt unter attacker.test. Dies sind Beispiele und keine zu besuchenden Links. Prüfen Sie den tatsächlichen Host vor einer Passworteingabe. Ein vertrauter Absendername, ein Bestätigungscode oder HTTPS allein weisen den Websitebetreiber nicht nach.
phishingActionHeading|If you already followed a suspicious link|不審なリンクを開いた場合|Si ya abriste un enlace sospechoso|Se já abriu um link suspeito|Si vous avez déjà suivi un lien suspect|Nach dem Öffnen eines verdächtigen Links
phishingAction|Stop interacting with that page. Open the service through an address or app you already trust and check account activity there. If you entered a password, change it through that official channel and review active sessions and recovery methods. Do not paste a complete sign-in or reset link into public scanners or support posts: it can contain an access token. Closing the temporary mailbox does not undo information already submitted elsewhere.|そのページの操作をやめ、普段使う公式アプリや確認済みのアドレスからアカウントの利用状況を確認します。パスワードを入力した場合は公式の方法で変更し、ログイン中のセッションや復旧方法を点検してください。ログイン・再設定リンクにはアクセストークンが含まれる場合があるため、全体を公開スキャナーや投稿に貼らないでください。一時メールを閉じても他サイトに送信済みの情報は取り消されません。|Deja de interactuar con esa página. Abre el servicio desde una dirección o aplicación de confianza y revisa la actividad de la cuenta. Si introdujiste una contraseña, cámbiala por ese canal oficial y revisa sesiones y métodos de recuperación. No pegues enlaces completos de acceso o restablecimiento en escáneres públicos ni publicaciones: pueden contener un token de acceso. Cerrar el buzón temporal no revierte lo enviado a otros sitios.|Pare de interagir com essa página. Abra o serviço por um endereço ou aplicativo confiável e confira a atividade da conta. Se digitou uma senha, altere-a pelo canal oficial e revise sessões e métodos de recuperação. Não cole links completos de login ou redefinição em scanners públicos ou publicações: eles podem conter um token de acesso. Fechar a caixa temporária não desfaz informações enviadas a outros sites.|Cessez d’interagir avec cette page. Ouvrez le service depuis une adresse ou une application de confiance et consultez l’activité du compte. Si vous avez saisi un mot de passe, changez-le par ce canal officiel et vérifiez les sessions et moyens de récupération. Ne copiez pas un lien complet de connexion ou de réinitialisation dans un outil public ou un message public : il peut contenir un jeton d’accès. Fermer la boîte temporaire n’annule pas les informations déjà transmises ailleurs.|Interagieren Sie nicht weiter mit der Seite. Öffnen Sie den Dienst über eine vertraute Adresse oder App und prüfen Sie die Kontoaktivität. Haben Sie ein Passwort eingegeben, ändern Sie es über diesen offiziellen Weg und prüfen Sie aktive Sitzungen und Wiederherstellungsmethoden. Veröffentlichen Sie keine vollständigen Anmelde- oder Rücksetzlinks in Scannern oder Beiträgen; sie können Zugriffstoken enthalten. Das Schließen des temporären Postfachs macht bereits übermittelte Angaben nicht rückgängig.
editorialHeading|How this guide is maintained|ガイドの作成と更新|Cómo se mantiene esta guía|Como este guia é mantido|Comment ce guide est tenu à jour|Wie dieser Leitfaden gepflegt wird
editorialBody|HaruMail publishes these guides based on the service’s implemented behavior and the references below. Examples use fictional data. If a step or explanation is incorrect, send a correction through the contact page without including private email content.|HaruMailの実際の動作と以下の参考資料に基づいて公開しています。例には架空のデータを使っています。手順や説明の誤りは、私的なメール内容を含めず問い合わせページからお知らせください。|HaruMail publica estas guías según el funcionamiento implementado y las referencias siguientes. Los ejemplos usan datos ficticios. Si un paso o explicación es incorrecto, envía una corrección desde la página de contacto sin incluir correo privado.|O HaruMail publica estes guias com base no funcionamento implementado e nas referências abaixo. Os exemplos usam dados fictícios. Se uma etapa ou explicação estiver incorreta, envie uma correção pela página de contato sem incluir mensagens privadas.|HaruMail publie ces guides à partir du fonctionnement réel du service et des références ci-dessous. Les exemples utilisent des données fictives. Signalez les erreurs via la page de contact, sans transmettre le contenu de messages privés.|HaruMail veröffentlicht diese Leitfäden anhand der implementierten Funktionen und der folgenden Quellen. Die Beispiele verwenden fiktive Daten. Melden Sie fehlerhafte Schritte oder Erklärungen über die Kontaktseite, ohne private E-Mail-Inhalte mitzuschicken.
sourcesHeading|References|参考資料|Referencias|Referências|Références|Quellen
contactDetails|For service errors, delivery issues, content corrections, privacy requests or abuse reports, describe the date, time zone, browser and exact step that failed. Remove email addresses, codes and secret link parameters from screenshots. Never send passwords or browser cookies. Acceptance of an address or a promotion is decided by the external service.|サービスエラー、配信の問題、内容の訂正、個人情報に関する依頼、不正利用の報告には、発生日時、タイムゾーン、ブラウザー、問題の起きた操作を記載してください。画像のアドレス、コード、リンクの秘密値は隠してください。パスワードやCookieは送らないでください。アドレスやプロモーションの可否は相手サービスが判断します。|Para errores, problemas de entrega, correcciones, solicitudes de privacidad o denuncias de abuso, indica fecha, zona horaria, navegador y paso que falló. Oculta direcciones, códigos y parámetros secretos en las capturas. No envíes contraseñas ni cookies. El servicio externo decide si admite una dirección o una promoción.|Para erros, problemas de entrega, correções, solicitações de privacidade ou denúncias de abuso, informe data, fuso, navegador e etapa que falhou. Oculte endereços, códigos e parâmetros secretos nas capturas. Não envie senhas nem cookies. O serviço externo decide se aceita um endereço ou uma promoção.|Pour une erreur, un problème de livraison, une correction, une demande de confidentialité ou un signalement d’abus, précisez la date, le fuseau horaire, le navigateur et l’étape concernée. Masquez adresses, codes et paramètres secrets sur les captures. N’envoyez jamais de mots de passe ni de cookies. Le service externe décide s’il accepte une adresse ou une promotion.|Beschreiben Sie bei Fehlern, Zustellproblemen, Korrekturen, Datenschutzanfragen oder Missbrauchsmeldungen Datum, Zeitzone, Browser und den betroffenen Schritt. Schwärzen Sie Adressen, Codes und geheime Linkparameter in Screenshots. Senden Sie keine Passwörter oder Cookies. Ob eine Adresse oder Aktion zulässig ist, entscheidet der externe Dienst.
cookieDetails|The functional xtmail_session cookie maintains mailbox access for up to 24 hours. It uses Secure, HttpOnly and SameSite=Strict. Tabs in the same browser share it. Clearing site cookies removes access; knowing the email address alone does not restore it. Essential session storage is separate from future advertising consent.|機能性Cookieのxtmail_sessionが最大24時間のアクセスを維持します。Secure、HttpOnly、SameSite=Strictを使用し、同じブラウザーのタブで共有されます。サイトのCookieを削除するとアクセスを失い、アドレスだけでは復元できません。この必須のセッション管理は将来の広告同意とは別です。|La cookie funcional xtmail_session mantiene el acceso hasta 24 horas. Usa Secure, HttpOnly y SameSite=Strict y se comparte entre pestañas del navegador. Borrar las cookies elimina el acceso; conocer la dirección no lo restaura. Esta sesión esencial es independiente del futuro consentimiento publicitario.|O cookie funcional xtmail_session mantém o acesso por até 24 horas. Usa Secure, HttpOnly e SameSite=Strict e é compartilhado entre abas do navegador. Apagar os cookies remove o acesso; saber o endereço não o restaura. Essa sessão essencial é separada de um futuro consentimento para publicidade.|Le cookie fonctionnel xtmail_session maintient l’accès pendant 24 heures au maximum. Il utilise Secure, HttpOnly et SameSite=Strict et est partagé entre les onglets du navigateur. Effacer les cookies retire l’accès ; connaître l’adresse ne le rétablit pas. Cette session essentielle est distincte d’un futur consentement publicitaire.|Das funktionale Cookie xtmail_session erhält den Zugriff für höchstens 24 Stunden. Es verwendet Secure, HttpOnly und SameSite=Strict und wird zwischen Tabs desselben Browsers geteilt. Das Löschen der Cookies entfernt den Zugriff; die Adresse allein stellt ihn nicht wieder her. Diese notwendige Sitzung ist von einer späteren Werbeeinwilligung getrennt.
operatorLabel|Operator|運営者|Responsable|Responsável|Exploitant|Betreiber
